Date,Close,High,Low,Open,Volume
2012-01-01,12.633822441101074,12.644290647461208,12.233033978506255,12.244998099302382,1151805200
2012-01-08,12.55635929107666,12.793842359901525,12.52196363266406,12.726546159236367,1305914400
2012-01-15,12.571015357971191,12.902114912442292,12.55456508630268,12.68766317453328,1195401200
2012-01-22,13.377979278564453,13.592430238684761,12.548585044846645,12.641902827980234,2435708800
2012-01-29,13.748860359191895,13.758431660992455,13.321451896577914,13.331022399705093,1514466800
2012-02-05,14.758010864257812,14.883631001721511,13.704594252042842,13.709977310461934,2489043200
2012-02-12,15.018218994140625,15.741133099551186,14.55491835072985,14.940752501803281,3964091600
2012-02-19,15.625091552734375,15.639747209716083,15.078044996021632,15.160595879162193,2071997200
2012-02-26,16.306133270263672,16.396760330699784,15.441745095482256,15.592189593862736,3214962800
2012-03-04,16.305830001831055,16.382697496569104,15.439945355616898,16.31330717948096,3353260400
2012-03-11,17.51418685913086,17.946082347884968,16.36057163462844,16.419793276690104,4502187200
2012-03-18,17.827638626098633,18.234409396593147,17.618271176813497,17.89702897159115,3416299600
2012-03-25,17.93231773376465,18.587338402470994,17.804006087218603,17.939494611415423,3197608400
2012-04-01,18.953140258789062,18.98245157613158,17.957148084878302,18.00051765311627,2647190000
2012-04-08,18.102203369140625,19.26180021798919,18.05075922942613,18.727315317610763,3657858400
2012-04-15,17.137622833251953,18.55145209788697,17.061054012165922,18.246671930191145,4896550400
2012-04-22,18.03550148010254,18.48414650281061,16.599840282659827,17.06673019337395,3891246800
2012-04-29,16.90641212463379,17.897916723812582,16.90401930034978,17.879970541682518,2465075200
2012-05-06,16.950090408325195,17.2243612656041,16.711411635341875,16.79426122856326,2170820400
2012-05-13,15.8634672164917,16.97401109756508,15.618209057770377,16.826258155852027,2839370800
2012-05-20,16.817882537841797,17.24289964898231,15.97323456728026,15.986695404540079,2735611200
2012-05-27,16.779003143310547,17.39244973056528,16.764946493192873,17.075408376547557,1922600400
2012-06-03,17.35715675354004,17.364934234333813,16.405433664786138,16.794258186729,2073948800
2012-06-10,17.172012329101562,17.601813485252748,16.949784723675428,17.578484242947386,2001053600
2012-06-17,17.4103946685791,17.64668055069163,17.059555082972214,17.077202566988188,1771582400
2012-06-24,17.467226028442383,17.467226028442383,16.917187670782543,17.26683089518877,1488253200
2012-07-01,18.121646881103516,18.374682562816837,17.455261016548192,17.489059274166856,1545118400
2012-07-08,18.09443473815918,18.540088186453964,17.726845239425014,18.104304745818837,2100154000
2012-07-15,18.07439613342285,18.40489683220332,18.039998861001855,18.098921800774573,1681918000
2012-07-22,17.501916885375977,18.235301747460863,17.048487745963868,17.778281773334246,2740990000
2012-07-29,18.415361404418945,18.483555330307627,17.58147933145961,17.674200516132625,1903050800
2012-08-05,18.594816207885742,18.6935178464042,18.402198581008264,18.46291372204962,1253837200
2012-08-12,19.46795654296875,19.470359641468796,18.721210528228283,18.725416752705662,1573639200
2012-08-19,19.921833038330078,20.272077462614924,19.4679585897957,19.52503138306999,2848896400
2012-08-26,19.982511520385742,20.452006135263098,19.74250643152373,20.425572047606735,1538252800
2012-09-02,20.439088821411133,20.500366233013494,19.960281840915915,19.9981298426944,1425130000
2012-09-09,20.76470375061035,20.935920544971644,19.704961147729673,20.43939184132389,2903048400
2012-09-16,21.029338836669922,21.17892774433383,20.8349926095587,21.00711097221609,2006566800
2012-09-23,20.03837776184082,20.880042881009313,19.83562075623183,20.631928598564244,2864260000
2012-09-30,19.60253143310547,20.328251307726593,19.54425708295872,20.16033756814034,2560600000
2012-10-07,18.915258407592773,19.451438177723794,18.73022461921032,19.43101183865273,2993043200
2012-10-14,18.318401336669922,19.6085347768933,18.3117920136318,18.99455754233473,2592021600
2012-10-21,18.142982482910156,19.085576436012726,17.75248850940494,18.395903045219615,3487162000
2012-10-28,17.325950622558594,18.112946434101318,17.264373205024626,17.869038259186187,1470674800
2012-11-04,16.432607650756836,17.744668594092982,16.031899908273243,17.527794628321885,3683761200
2012-11-11,15.922880172729492,16.732180572501846,15.261136534011863,16.721618587726855,3582726000
2012-11-18,17.245147705078125,17.260236475267433,16.29100820214276,16.316053014437117,2111900000
2012-11-25,17.660968780517578,17.931640099694746,17.268086924901155,17.377925729445582,2590792400
2012-12-02,16.09095001220703,17.941899217672592,15.649786692070148,17.913534643647267,3930239600
2012-12-09,15.383039474487305,16.58311038535867,15.256002396795916,15.842005436222493,3344812800
2012-12-16,15.670904159545898,16.140731603973197,15.124732031687111,15.3570810018494,2910619600
2012-12-23,15.376999855041504,15.819368519895168,15.228236144066823,15.701686420125625,1287588400
2012-12-30,15.902349472045898,16.74725609759317,15.35919567320308,15.405362827531768,2167309200
2013-01-06,15.700183868408203,16.04991376568401,15.54628898335196,15.751480551894687,2302120800
2013-01-13,15.087617874145508,15.412001418321458,14.586104467560011,15.168486131379103,3228386000
2013-01-20,13.273487091064453,15.539949695538779,13.126231744926738,15.225222334583417,3991934800
2013-01-27,13.68809700012207,13.95907131165602,13.152185176824647,13.21163057232209,2632649600
2013-02-03,14.332636833190918,14.448207837396689,13.337457115715939,13.696844020302528,2981910400
2013-02-10,13.966370582580566,14.718471469337684,13.959086147651124,14.462307037092621,2348771600
2013-02-17,13.682581901550293,14.044367257877802,13.440076284236977,13.994895038894251,1689923200
2013-02-24,13.065239906311035,13.81339430645858,13.05036793043495,13.77484873846585,2336392800
2013-03-03,13.103178977966309,13.215781317225922,12.717113004328557,12.984202355595933,2541394800
2013-03-10,13.465569496154785,13.482869614204853,12.903466405426467,13.043385344819407,2293533200
2013-03-17,14.019477844238281,14.025243469905414,13.390906319089293,13.398493863016155,2219994000
2013-03-24,13.435221672058105,14.263504123343617,13.403656608055185,14.103856074262781,1569506400
2013-03-31,12.844587326049805,13.466784587030936,12.737750619679986,13.412152161944963,2024610000
2013-04-07,13.044900894165039,13.293475972030686,12.823034580632447,12.89466237256056,1550348800
2013-04-14,11.85301685333252,12.986934118608131,11.6882094229174,12.959921422981202,2843920800
2013-04-21,12.662483215332031,12.710134334673395,11.875479937978044,11.917059885706411,3212745200
2013-04-28,13.657388687133789,13.756029994735265,12.747462134523694,12.761120037043618,2621903200
2013-05-05,13.748143196105957,14.1360303757198,13.672569222590221,13.83130471616483,2186332400
2013-05-12,13.236957550048828,13.989758845343522,12.798231442275698,13.794531605413162,2536788800
2013-05-19,13.600228309631348,13.69799535494542,13.140420198602591,13.195719382772252,1979826800
2013-05-26,13.740151405334473,13.965319490312503,13.424548148661156,13.745344956164075,1454544000
2013-06-02,13.498183250427246,13.883749454702796,13.221992478452059,13.770706881583363,1777140400
2013-06-09,13.138885498046875,13.720288991240425,13.091529229988504,13.587388442796703,1559191200
2013-06-16,12.633251190185547,13.311505595046166,12.468270697694303,13.181354362960095,1603809200
2013-06-23,12.114788055419922,12.485383828877769,11.880759212405838,12.446888233497209,2078395200
2013-06-30,12.753015518188477,12.93235618964208,12.258073217220963,12.302985276723172,1375872400
2013-07-07,13.030734062194824,13.130944472021001,12.537930834258178,12.835201674606152,1537984000
2013-07-14,12.983075141906738,13.286149810357294,12.959244032548016,12.984908304165101,1145046000
2013-07-21,13.473127365112305,13.583113823166515,12.792428701397917,13.120862480107778,1598774800
2013-07-28,14.131521224975586,14.140992969386158,13.448990259724749,13.467321062925537,1361472000
2013-08-04,13.884356498718262,14.417184186790042,13.85991596937843,14.197209632813943,1475213600
2013-08-11,15.448525428771973,15.507572315410505,14.043079446570696,14.050153378888353,2855347600
2013-08-18,15.408239364624023,15.799426041101825,15.32151265301272,15.510340834726984,1672025600
2013-08-25,14.983832359313965,15.690553624667388,14.946312772369934,15.399929571499282,1574717200
2013-09-01,15.32213020324707,15.445760618782208,14.987837159840273,15.164670716613701,1272854800
2013-09-08,14.297412872314453,15.620438623961036,14.291263626147435,15.530637292917254,2685466000
2013-09-15,14.374603271484375,14.717198684651732,13.75368552645939,14.177472657651569,2503793600
2013-09-22,14.846366882324219,15.281839914121909,14.783936598656489,15.256929227415732,1908670400
2013-09-29,14.854970932006836,15.141595614799341,14.589873526364807,14.677214454442026,1484845600
2013-10-06,15.15574836730957,15.187424208174459,14.708896626542774,14.963538458321903,1451276400
2013-10-13,15.65026569366455,15.661644423808786,15.049338004906879,15.064100133448507,1377208000
2013-10-20,16.175233840942383,16.39881243471926,15.623818703270215,15.738837831894184,1968450400
2013-10-27,15.992857933044434,16.58394402649272,15.824019833662138,16.26994832459474,2090998000
2013-11-03,16.009166717529297,16.265345891922493,15.757601120230465,16.02577329567138,1275153600
2013-11-10,16.239662170410156,16.372365254547265,15.912388029561807,16.08499554300541,1229289600
2013-11-17,16.079120635986328,16.307718293736205,15.889500634149373,16.239665163377772,1133552000
2013-11-24,17.201068878173828,17.270977208713255,16.116238353239282,16.116856206953436,1312270400
2013-12-01,17.323265075683594,17.790977343633557,17.03868047488957,17.260780860341924,2093254800
2013-12-08,17.150339126586914,17.661976577643873,17.12683094645246,17.35047749671542,1553594000
2013-12-15,16.982994079589844,17.404306035033716,16.66685606252701,17.168594758611476,1835080800
2013-12-22,17.325428009033203,17.69013203976311,17.307178187154207,17.570109765919263,1098753600
2013-12-29,16.734294891357422,17.36223947274435,16.717280776306687,17.24407570856979,1103866400
2014-01-05,16.48558807373047,16.91617943117074,16.42898009411809,16.625097519312277,1572474400
2014-01-12,16.724702835083008,17.328830222692496,16.390932823959286,16.391861256958283,1758710800
2014-01-19,16.891740798950195,17.238811143091592,16.716967441049043,16.734599405516583,1541106000
2014-01-26,15.485200881958008,17.161785216282198,15.267121612054545,17.01547115427429,3266510800
2014-02-02,16.07540512084961,16.17593850830286,15.444986193029608,15.547374793597807,1734535600
2014-02-09,16.928123474121094,16.990051018347934,16.119356028517238,16.139893843281357,1516239200
2014-02-16,16.344961166381836,17.15217290291244,16.324734131916536,16.99066906515564,1158662400
2014-02-23,16.375774383544922,16.578355564127506,16.044673137349623,16.279618247402706,1470929600
2014-03-02,16.5064640045166,16.640582965342695,16.26902946987975,16.28801173513409,1104202400
2014-03-09,16.32754135131836,16.79338318400264,16.274950380039492,16.44174577398584,1152076800
2014-03-16,16.582088470458984,16.686957973927086,16.34341071888885,16.42120779657813,1216392800
2014-03-23,16.706247329711914,17.084026411958455,16.62502840843251,16.754793213968277,1360357600
2014-03-30,16.549415588378906,16.91225759570492,16.510829483344324,16.780004875722707,987445200
2014-04-06,16.169456481933594,16.56248189521324,16.0925934073803,16.43116154007697,1251278000
2014-04-13,16.3353214263916,16.423076649929854,15.911799933290476,16.240722478693616,971264000
2014-04-20,17.79787826538086,17.79943214532203,16.30481402749116,16.34775761859259,1930238800
2014-04-27,18.440166473388672,18.653328952305728,17.816864321535636,17.824645356949233,1899066400
2014-05-04,18.221097946166992,18.80830199581783,18.058969188319594,18.364242768624557,1466390800
2014-05-11,18.697431564331055,18.698056588019583,18.31848170740069,18.383883584541085,1046452400
2014-05-18,19.217514038085938,19.23628982234467,18.691803777149417,18.708076123506984,1182420400
2014-05-25,19.808002471923828,20.157536267562364,19.264455552222692,19.272278379040305,1604842400
2014-06-01,20.20133399963379,20.379388863176548,19.479423336631815,19.83803315828727,1651286000
2014-06-08,19.994497299194336,20.82030077478299,19.906878658354987,20.30554188654678,1172588000
2014-06-15,19.913450241088867,20.316493625121225,19.91125931562295,20.04487735887392,940908000
2014-06-22,20.14783477783203,20.152214958805168,19.637457628333948,20.00326373791435,865028000
2014-06-29,20.596878051757812,20.612211192209497,20.171928628972594,20.17411955509054,556248400
2014-07-06,20.857534408569336,21.203627058583507,20.48515566966764,20.620964622140438,927320000
2014-07-13,20.684497833251953,21.26934979938404,20.277072454978864,20.99773343759767,995880800
2014-07-20,21.394201278686523,21.44020069269057,20.528971102120796,20.807158511912906,1105568000
2014-07-27,21.05687141418457,21.78191412317388,20.767731035168403,21.427059337986723,947300000
2014-08-03,20.752391815185547,21.155436823963196,20.432585252656846,21.10943742159807,892100000
2014-08-10,21.568857192993164,21.615085403938917,20.877630813544982,20.972289058671727,717452000
2014-08-17,22.304107666015625,22.337128295638077,21.56885659861737,21.681124388035123,989328000
2014-08-24,22.563873291015625,22.651927766587765,22.167628990690698,22.4075773946373,955384000
2014-08-31,21.786794662475586,22.836839485365278,21.52703489655224,22.687147388400987,1292640000
2014-09-07,22.37895965576172,22.691551438068792,21.16381162838585,21.85944011470237,1848207200
2014-09-14,22.22486114501953,22.684944825553128,21.769181111294408,22.632111140846472,1189411600
2014-09-21,22.178632736206055,22.660729608060585,21.51162300799585,22.409775486149798,1355299600
2014-09-28,21.92987823486328,22.352537589363006,21.582064072942078,21.716346734449644,990996400
2014-10-05,22.174232482910156,22.53745443304135,21.64150370901913,22.00252551509447,1121032800
2014-10-12,21.5006160736084,22.405372363586114,20.95247960287346,22.306312142434937,1434159200
2014-10-19,23.16263771057129,23.222073505608964,21.621690532345095,21.643703727562787,1434131600
2014-10-26,23.774608612060547,23.78341422419746,23.04816156600363,23.08118219164236,880922400
2014-11-02,23.9969539642334,24.280928755326812,23.712979173139985,23.823046843509555,799811600
2014-11-09,25.244049072265625,25.24626044393452,23.966149506385246,24.10322418777441,820666800
2014-11-16,25.750335693359375,25.993534196612814,25.049481257520608,25.263937000070765,933658800
2014-11-23,26.294219970703125,26.47551360810572,25.783502878450598,25.834352607170988,727495600
2014-11-30,25.425338745117188,26.364970829175864,24.600672667982746,26.267690732467756,1066358800
2014-12-07,24.260194778442383,25.39217395467189,24.17617953929396,25.22635653439308,1039472000
2014-12-14,24.71342658996582,25.03621761331136,23.49301119092266,24.474649114028487,1315426400
2014-12-21,25.202028274536133,25.319205610018432,24.75542757739542,24.797435183240577,477586000
2014-12-28,24.1717586517334,25.374486534842962,23.73399991696837,25.157819382102865,608353600
2015-01-04,24.764280319213867,25.038431324552366,23.13263576792767,23.941825616416285,1133010000
2015-01-11,23.433317184448242,24.938940496215636,23.25865596732707,24.894721505739508,1216906400
2015-01-18,24.978734970092773,25.14897343268383,23.546071829282006,23.84233145391062,794948000
2015-01-25,25.902894973754883,26.530789515977578,24.105432904506813,25.146766190595073,1863370800
2015-02-01,26.294219970703125,26.64354239223899,25.664114138680798,26.099661480031198,1083029200
2015-02-08,28.206989288330078,28.295774609334256,26.28701370705116,26.313649811384156,1212827200
2015-02-15,28.744136810302734,28.744136810302734,28.171473292135417,28.29799181885247,777419600
2015-02-22,28.51329231262207,29.65417894989425,28.10266050464489,28.859553125874534,1472864800
2015-03-01,28.100444793701172,28.91726664727753,27.913997155436537,28.688645603169636,987754000
2015-03-08,27.43233871459961,28.75967662021363,26.99729251054794,28.402315242475076,1306056400
2015-03-15,27.945066452026367,28.688640152097037,27.272520652099548,27.496701456449344,1066691600
2015-03-22,27.35687828063965,28.42007717146169,27.212602316130933,28.21587377016489,837305200
2015-03-29,27.816333770751953,28.07602942713405,27.32357686780803,27.53444220837327,648127200
2015-04-05,28.211421966552734,28.437822879593444,27.596586836091326,27.62766143800988,728830000
2015-04-12,27.6898136138916,28.537711736627617,27.625444304883104,28.493316540369513,684744400
2015-04-19,28.917272567749023,28.994960793037414,27.78304412243542,27.87182945602259,829762800
2015-04-26,28.622053146362305,29.862822251113005,27.652078462735997,29.36784700690728,1683889200
2015-05-03,28.32685089111328,28.9816411904424,27.381290299421035,28.744139723013888,1087568000
2015-05-10,28.70149803161621,28.861978834078926,27.821082990470163,28.393909260058372,833206000
2015-05-17,29.541778564453125,29.637622836578668,28.61010190620566,28.61456064935731,869189600
2015-05-24,29.038063049316406,29.62426391148018,28.779510241568584,29.555168664812047,792594400
2015-05-31,28.674745559692383,29.28546428550793,28.61010907241382,29.0380566945014,683363200
2015-06-07,28.344871520996094,29.015768028062357,27.999393643056266,28.7304695970755,880458400
2015-06-14,28.217819213867188,28.598960174397224,28.019447632664637,28.106374428898903,794100800
2015-06-21,28.251262664794922,28.931076766125383,28.197769625833637,28.41620052689149,782376000
2015-06-28,28.182161331176758,28.293606130239606,27.74529792291192,27.963728776788,603927600
2015-07-05,27.47782325744629,28.135348445600105,26.572892235014795,27.847820724073575,1102873200
2015-07-12,28.89095115661621,28.89095115661621,27.709637203168274,27.867888627666453,756979600
2015-07-19,27.7497501373291,29.637624976986803,27.190296867252332,29.19184585831485,1377076000
2015-07-26,27.036510467529297,27.618252487699884,26.94958365536705,27.435481374369978,766394400
2015-08-02,25.74820327758789,27.319575481182657,24.985921329683528,27.08108370097237,1540002400
2015-08-09,25.963274002075195,26.86558482788585,24.54599586072587,26.09089609913161,1378868800
2015-08-16,23.679500579833984,26.3416530169977,23.654871613646495,25.98117637539131,1282036000
2015-08-23,25.36546516418457,25.369942383259534,20.59866516238273,21.24125457099101,2001452000
2015-08-30,24.46538734436035,25.643093884568312,24.037742115092147,25.083347657425165,1192776800
2015-09-06,25.571443557739258,25.571443557739258,24.57733382359357,25.020653537207377,1010650800
2015-09-13,25.401287078857422,26.171498554543888,25.047528706192068,26.102090558145463,1109104000
2015-09-20,25.683393478393555,26.126713203879884,25.15947187466494,25.45053886288869,970785200
2015-09-27,24.713918685913086,25.65205405651788,24.026550279393994,25.4908468444778,1255585200
2015-10-04,25.10349464416504,25.139317507632345,24.228050891168692,24.601960889945982,1047091200
2015-10-11,24.8616886138916,25.24455482802772,24.5303180960222,25.2400776098258,739540000
2015-10-18,26.66183090209961,26.69541601510384,24.653461301322153,24.807951796215743,886172800
2015-10-25,26.75587272644043,27.14097844820156,25.522191422010327,26.437937242925123,1289448800
2015-11-01,27.10515022277832,27.72311052367381,26.78049810071255,27.046937846212938,780813600
2015-11-08,25.260419845581055,27.389814669964203,25.244679933368456,27.1986866743764,866221200
2015-11-15,26.825424194335938,26.964834350174375,24.959111562465424,25.044556552028393,759924800
2015-11-22,26.490386962890625,26.92211345149971,26.335236891153407,26.818677782979226,438881600
2015-11-29,26.764711380004883,26.8501580834895,25.683150448184712,26.530860043161287,827063200
2015-12-06,25.449302673339844,26.95134675503302,25.375099488513708,26.75347331101857,755416000
2015-12-13,23.841575622558594,25.363857718995234,23.79210683258561,25.224445830482452,1260425600
2015-12-20,24.29128074645996,24.509392125176593,23.738133203442388,24.122638140094068,506431200
2015-12-27,23.668432235717773,24.60608487757325,23.569494673903023,24.192347386320144,495046000
2016-01-03,21.8021240234375,23.801101654331863,21.682950145264975,23.072565805233573,1375160800
2016-01-10,21.840349197387695,22.7532693410743,21.442353255290477,22.254086768750312,1217348800
2016-01-17,22.804981231689453,22.81397571151908,21.00612643828266,22.12816335084571,973536400
2016-01-24,21.887569427490234,22.82972037045194,20.774528478788845,22.827471321146376,1521346000
2016-01-31,21.141042709350586,21.88532013485497,21.06684124412803,21.691943084411832,868619200
2016-02-07,21.24897575378418,21.78251758683072,20.932467623612926,21.054549404886007,924489200
2016-02-14,21.712440490722656,22.356759750178224,21.389150234247612,21.481840929550533,673265200
2016-02-21,21.90912628173828,22.160070203651877,21.097508829473707,21.773478680923287,636211600
2016-02-28,23.28819465637207,23.455491170685054,21.850344649994696,21.8978206179147,807215200
2016-03-06,23.118637084960938,23.24750092035989,22.641614423698144,23.14802647730427,622057200
2016-03-13,23.94607925415039,24.077204349071888,23.01012046251097,23.039511581101145,728292800
2016-03-20,23.889564514160156,24.337197889322074,23.713224668585568,23.948345037628762,479134400
2016-03-27,24.866212844848633,24.963426039862004,23.710959046483357,23.964165949149347,591860000
2016-04-03,24.565528869628906,25.36358044334527,24.443447076577776,24.963423167539215,582890400
2016-04-10,24.834562301635742,25.40879818565113,24.565531799059173,24.635615128956214,649240000
2016-04-17,23.89181900024414,24.631090079936996,23.652177916429892,24.61752601099075,756212000
2016-04-24,21.192459106445312,23.8850372088438,20.914385341232986,23.738086802717966,1397696400
2016-05-01,20.961864471435547,21.680789563525973,20.765176815875453,21.244460785546075,902429200
2016-05-08,20.589086532592773,21.328310281073236,20.350261439667634,21.1531718795948,864199200
2016-05-15,21.65812110900879,21.70588613259609,20.846112237359915,21.01442733028646,850828800
2016-05-22,22.824954986572266,22.911388414342667,21.760472695321116,21.80596442976139,816000000
2016-05-29,22.272241592407227,22.836326916635954,21.978826431231667,22.65436346099259,560708000
2016-06-05,22.479223251342773,23.175230202610262,22.188083134089233,22.28816146481265,499457600
2016-06-12,21.683143615722656,22.545192630478148,21.67632028804725,22.447387551354634,766930400
2016-06-19,21.244152069091797,22.037964104717755,21.073561985670825,21.835530677884762,826916000
2016-06-26,21.81051254272461,21.942435968436794,20.811991973740053,21.15317217003087,737313600
2016-07-03,21.990201950073242,22.037966971404515,21.464784980096947,21.696786760182032,450824000
2016-07-10,22.467849731445312,22.586126487850887,22.001571237124633,22.006119542217785,571642400
2016-07-17,22.44055938720703,22.97279965516932,22.360949287264944,22.449655998591993,590262000
2016-07-24,23.702930450439453,23.780265547457358,21.931067370775377,22.347307717255998,1026284000
2016-07-31,24.44670295715332,24.485369635695047,23.655164013166456,23.74842078117796,680596800
2016-08-07,24.73921012878418,24.91301168631321,24.50595156701408,24.588276784019623,498023200
2016-08-14,25.009063720703125,25.20802087144401,24.716346357360063,24.73006693853767,529485600
2016-08-21,24.45564842224121,24.999919740239175,24.31157531987898,24.894724531453015,494422000
2016-08-28,24.636306762695312,24.698051122819795,24.126336976458223,24.382465542132127,532002400
2016-09-04,23.584346771240234,24.87184789619178,23.584346771240234,24.67517812834364,675214800
2016-09-11,26.28055191040039,26.557261310484716,23.447137123438832,23.47458002686025,1552912800
2016-09-18,25.775157928466797,26.56869736775437,25.509883496894744,26.342299075723687,804382800
2016-09-25,25.85291290283203,26.216522241440263,25.50988443483196,25.530465305440117,625536000
2016-10-02,26.083881378173828,26.19822418869675,25.676821251869487,25.775156138708514,504117600
2016-10-09,26.900291442871094,27.142699409832186,26.23481713185003,26.303421777616652,834833600
2016-10-16,26.664745330810547,27.032929351559076,26.024426584311396,26.831686616042138,462126000
2016-10-23,26.00613784790039,27.067239346722772,25.912375874276535,26.779094878804028,840902400
2016-10-30,24.890138626098633,26.122755553823755,24.723199123468554,25.99011749369809,625386000
2016-11-06,24.923694610595703,25.679933454609333,24.326059567022657,25.30296357695445,829076000
2016-11-13,25.298364639282227,25.408698095771,23.92380425574149,24.758194553703024,793365600
2016-11-20,25.69602394104004,25.840834965049694,25.286873830357095,25.312158545393984,376529600
2016-11-27,25.261587142944336,25.852326636545293,25.020233701415115,25.613272283573792,622000000
2016-12-04,26.192514419555664,26.364909209733586,24.882314715679676,25.28456922609482,607958400
2016-12-11,26.65683364868164,26.83152753766059,25.856921002254317,26.040809491041696,780062400
2016-12-18,26.78325653076172,27.008519850929538,26.56948689924078,26.61775898860512,453292000
2016-12-25,26.622356414794922,27.128047167876336,26.532711251782224,26.783257539768808,339314400
2017-01-01,27.102771759033203,27.160236713060133,26.378712987555637,26.617767406750612,415382000
2017-01-08,27.362510681152344,27.567085761950228,27.109665253011357,27.111962588343584,555242800
2017-01-15,27.583171844482422,27.698101727167764,27.174021742713133,27.201603792195478,465392000
2017-01-22,28.03139877319336,28.14403132525293,27.46824302765914,27.583172914804155,498157200
2017-01-29,29.67029571533203,29.994398791107024,27.725682521754027,27.7969384801057,999124800
2017-02-05,30.36906623840332,30.5575528995108,29.62891763127889,29.681787894202863,545796800
2017-02-12,31.331823348999023,31.458795042957846,30.646179724209645,30.722362740584938,546670000
2017-02-19,31.548824310302734,31.73812465359883,31.23024147385808,31.449554264815706,351635600
2017-02-26,32.269100189208984,32.38452836373687,31.461102967513778,31.659639568605275,509896000
2017-03-05,32.121341705322266,32.315260129348154,31.638852939857664,32.17443766182258,398688800
2017-03-12,32.31758117675781,32.555362931566826,32.04747967438024,32.05440508296005,486158400
2017-03-19,32.46763229370117,32.966282784022326,32.25755219973423,32.412225509469536,518696000
2017-03-26,33.164825439453125,33.35874393594325,32.001307415335376,32.17906779841224,508035600
2017-04-02,33.09095001220703,33.58036789395046,33.02400321731054,33.17636926132279,421664800
2017-04-09,32.562286376953125,33.2156102201032,32.333737339833746,33.15097072886323,349942800
2017-04-16,32.843936920166016,32.99399215242525,32.423776633698296,32.6615584142505,356994000
2017-04-23,33.162513732910156,33.45108417445162,33.05401096508349,33.12788668896054,364614800
2017-04-30,34.38835144042969,34.39296602955505,33.305634973308734,33.49724609962491,701406800
2017-05-07,36.03667449951172,36.11054669331976,34.40451855658958,34.40451855658958,693882400
2017-05-14,35.4807243347168,36.31291871900443,34.70416544551345,36.16456093590823,629419600
2017-05-21,35.60820770263672,35.90723998364127,35.39030651103732,35.6986131398825,412906000
2017-05-28,36.03474426269531,36.03474426269531,35.28600143672908,35.564171806589684,355011600
2017-06-04,34.534942626953125,36.15760744989207,33.84878919690239,35.77744040428866,636638800
2017-06-11,32.97949981689453,34.1918610874292,32.96327147313324,33.78387812002328,882121600
2017-06-18,33.909061431884766,34.113054731588505,33.30172224593091,33.30172224593091,533012000
2017-06-25,33.385169982910156,34.372676138429526,32.98182060478778,34.115367723220665,508240800
2017-07-02,33.42225646972656,33.681885238877776,33.011956637789645,33.584525776869256,316711600
2017-07-09,34.548828125,34.61605474754856,33.23447089853478,33.406010912937475,444353600
2017-07-16,34.83397674560547,35.17473662370556,34.43990173077218,34.497854042869086,424326400
2017-07-23,34.65548324584961,35.69630806285375,34.145503597817985,34.90583766298408,423272400
2017-07-30,36.252647399902344,37.031526598482316,34.33790432457707,34.748204138278545,691234000
2017-08-06,36.505313873291016,37.513685364704514,35.84465973850966,36.407954428285166,605076400
2017-08-13,36.65333557128906,37.81925944347555,36.471814574446114,37.0768869312687,538514000
2017-08-20,37.202545166015625,37.407339494016064,36.097127370044895,36.65332691902943,450684800
2017-08-27,38.17763900756836,38.38475924397722,37.21883214432287,37.26770480730391,504514800
2017-09-03,36.91630935668945,38.22419230407034,36.89303597749699,38.10783251014623,406640800
2017-09-10,37.207183837890625,38.15667954436281,36.74872627383628,37.35146874906947,884310000
2017-09-17,35.3477783203125,37.351494128696416,35.038260840039634,37.26073363079829,744754000
2017-09-24,35.86673355102539,36.006366692250324,34.712446647503356,34.90560428742325,619427200
2017-10-01,36.141334533691406,36.185551801316265,35.48041208871273,35.899304295434476,375137200
2017-10-08,36.534645080566406,36.769690558300205,36.09480525327053,36.26003415265192,325219200
2017-10-15,36.36241912841797,37.437582000881434,36.07617515932396,36.74640485400707,504205200
2017-10-22,37.944923400878906,38.07291986379571,36.134365582945954,36.51137011824771,489613200
2017-10-29,40.144126892089844,40.553712067810444,38.10084929725803,38.14041119908739,860709600
2017-11-05,40.649112701416016,41.01448400348982,39.96259091934131,40.113857166724394,553701600
2017-11-12,39.739566802978516,40.75553720759218,39.32617509464767,40.52198112044265,465838800
2017-11-19,40.86531448364258,40.989098941782885,39.60177502277871,39.77226999202758,324037200
2017-11-26,39.949771881103516,40.8910026852054,39.041238788665844,40.88399628726188,680394000
2017-12-03,39.55739974975586,40.31645715598507,38.877754134500044,40.28375944103731,549924400
2017-12-10,40.63175582885742,40.67846633705121,39.42193335307326,39.517692211329695,556588800
2017-12-17,40.87466049194336,41.38614903019088,40.46360295127362,40.84430061584368,470529600
2017-12-24,39.524696350097656,40.136615732943376,39.52236207214556,39.89138112421467,388655200
2017-12-31,40.87232208251953,40.95873670879751,39.53170863525077,39.741911287088215,404673600
2018-01-07,41.36045455932617,41.42351571282372,40.40521083478304,40.72051303848705,440790000
2018-01-14,41.6804313659668,42.06346330269684,40.888676173905985,41.54963693068242,510284800
2018-01-21,40.05721664428711,41.909318889053594,39.71856091721823,41.40950883765526,766299200
2018-01-28,37.48576354980469,39.74191690287683,37.39234251164283,39.74191690287683,1051968400
2018-02-04,36.530521392822266,38.27518626724302,35.08948025205709,37.15878806011818,1270616000
2018-02-11,40.436279296875,40.99675777482494,36.937414605726204,37.1695791961539,901347600
2018-02-18,41.15622329711914,41.1913981250218,40.1032793160254,40.347170050530906,544825600
2018-02-25,41.32270812988281,42.35688698864925,40.44095465283579,41.35553914796567,808513600
2018-03-04,42.20680618286133,42.211497351161306,40.867765687410305,41.088204079440885,559410800
2018-03-11,41.74718475341797,43.03228973372891,41.653379250061725,42.27951622441911,621670000
2018-03-18,38.679813385009766,41.6182031468856,38.679813385009766,41.583028320651636,690682800
2018-03-25,39.34580612182617,41.074131316184484,38.73843042443489,39.41381553930852,634123200
2018-04-01,39.48652267456055,40.85839456812079,38.569594038236126,39.078476799947936,657635200
2018-04-08,40.975650787353516,41.23595524849731,39.831252254936125,39.83828722050913,511486000
2018-04-15,38.86272048950195,41.9629208788734,38.79471107037423,41.045992455543754,676952800
2018-04-22,38.06539535522461,39.144131569086305,37.66907568925189,39.12302667734313,648833600
2018-04-29,43.10967254638672,43.20816562887036,37.95283238612402,38.02084181485006,1011222800
2018-05-06,44.225929260253906,44.643353840693884,43.07214859741057,43.42625492086077,593067600
2018-05-13,43.85972595214844,44.617754898293455,43.574878685122535,44.495339326488676,396995200
2018-05-20,44.39411163330078,44.64600126495954,43.73024633081632,44.25757188473068,377579600
2018-05-27,44.7849006652832,44.78960633163015,43.819707431625524,44.16341145687345,368519600
2018-06-03,45.12861633300781,45.71714811510784,44.674271521440794,45.11449214497548,467079200
2018-06-10,44.45531463623047,45.40638355425885,44.31877489682595,45.04620256270138,560749200
2018-06-17,43.53251266479492,44.544787914431716,43.186455735359644,44.22933578309053,502417600
2018-06-24,43.57723617553711,44.08808119955968,42.5461276098249,43.17467895990185,486482000
2018-07-01,44.25050354003906,44.35879131670095,43.17937556833364,43.273542756855875,263102000
2018-07-08,45.04151153564453,45.16157071738776,44.16577601956555,44.61070587111272,340328800
2018-07-15,45.067405700683594,45.35225304243526,44.54007998482083,45.08623914683361,351736000
2018-07-22,44.9590950012207,46.13145227449696,44.62480955768005,44.88847050647583,377988800
2018-07-29,48.96347427368164,49.140033746422596,44.50946773905657,45.1756823218075,896758400
2018-08-05,48.855186462402344,49.38486491943017,48.146595686383186,48.96583069412822,486568400
2018-08-12,51.400733947753906,51.48814097239071,49.066698199476455,49.4470420377519,557495600
2018-08-19,51.06525802612305,51.778694904391585,50.51718358762093,51.52356078131995,451300800
2018-08-26,53.77492904663086,54.06786225157614,51.105435353794455,51.29914889854433,650762400
2018-09-02,52.27952575683594,54.256838767587475,52.140146053637395,53.959179868512834,530531600
2018-09-09,52.879573822021484,53.94501073339189,51.13849891475173,52.196845361644705,792999600
2018-09-16,51.41962432861328,52.669323230098634,50.86210184971102,52.48033188721972,874984400
2018-09-23,53.328433990478516,53.49380007597283,51.1763029796681,51.22118883245448,517372400
2018-09-30,52.98588180541992,55.15455107268158,52.10943981236538,53.85051476833829,570665200
2018-10-07,52.470882415771484,53.689872756933426,50.15811133317159,52.494507684710335,768031200
2018-10-14,51.80941390991211,52.67877260945327,50.31875101755411,52.246456147018954,594081600
2018-10-21,51.09833908081055,52.97170685213902,50.240792997824286,51.92280834511351,742398400
2018-10-28,49.01470947265625,52.529935669404985,48.5304203553,51.78106087434404,1082425200
2018-11-04,48.30363845825195,49.63838321708104,46.81533666394854,48.26347838566294,764797600
2018-11-11,45.87870407104492,47.37694076604606,44.07702767379054,47.175436199685535,968906000
2018-11-18,40.84349822998047,45.207819904417605,40.79845939163042,45.04187687098188,657994800
2018-11-25,42.33464050292969,43.33504498701859,40.3622778898653,41.305789663727374,854999600
2018-12-02,39.942665100097656,43.842342811414035,39.8976226427538,43.72855381521539,670107200
2018-12-09,39.22911071777344,40.90988698739814,38.71942766975964,39.11532170383914,870150800
2018-12-16,35.732444763183594,39.90949024406045,35.47167807298712,39.222006532186356,1150777200
2018-12-23,37.036285400390625,37.57916072752673,34.75100230227635,35.120819343715375,764640800
2018-12-30,35.14689636230469,37.77829241380815,33.6628859325713,37.58153004083196,887850000
2019-01-06,36.102256774902344,36.63327822776601,34.58742711486608,35.25120302662374,814824400
2019-01-13,37.176151275634766,37.427437002899225,35.37447442699193,35.76088754568398,621168000
2019-01-20,37.398990631103516,37.48670624384689,35.96239200147731,37.07895832435913,450006400
2019-01-27,39.47565841674805,40.06357255140746,36.42703375719796,36.93197454912582,809187200
2019-02-03,40.3978271484375,41.62107068782807,39.65582026203227,39.686639548878404,605593600
2019-02-10,40.57345962524414,41.06390222980776,40.29490737797647,40.72345069408079,448918400
2019-02-17,41.180564880371094,41.26389406434884,40.352050173601334,40.40442789505007,325000400
2019-02-24,41.6567268371582,41.87099670993296,41.1234280071218,41.46388322510071,483522400
2019-03-03,41.166282653808594,42.31858531455202,40.35443156577534,41.82814265671169,467119200
2019-03-10,44.31132125854492,44.599398830164276,41.74720963348641,41.78054059250995,632534000
2019-03-17,45.485042572021484,47.06588868608585,43.980379930798186,44.23512647838803,729373200
2019-03-24,45.22315979003906,45.92073398924929,43.94467518273227,45.594562896107966,671354400
2019-03-31,46.901615142822266,46.92542452241121,44.84937304373935,45.62551013880196,446161600
2019-04-07,47.346824645996094,48.29438278390309,46.71353653021887,46.763531144011075,528026800
2019-04-14,48.53484344482422,48.60388483941053,47.142078167009444,47.27778510392954,385342400
2019-04-21,48.63958740234375,49.63475683972898,48.12057279202839,48.28961064371479,389981600
2019-04-28,50.41328048706055,51.2608420240364,47.40395895418394,48.663396570752916,745822400
2019-05-05,46.944461822509766,49.72046657501146,45.89453515688813,48.637205328994675,694654400
2019-05-12,45.17026138305664,45.99957811394916,43.70043687613388,44.8619580289984,745662000
2019-05-19,42.773136138916016,44.931270823425535,42.49589976286069,43.86056922064976,627880400
2019-05-26,41.84104537963867,43.160301112509146,41.821925255667836,42.7611780974438,418765600
2019-06-02,45.44511032104492,45.86813447046718,40.69386998108046,41.967719726011374,617392800
2019-06-09,46.06411361694336,47.03204498835324,45.480962498943924,45.841845328359,447372400
2019-06-16,47.50763702392578,48.00236062388434,45.92787290453282,46.10233900910025,526635600
2019-06-23,47.30210876464844,48.17444673782955,46.67354784018763,47.4502851830906,469474000
2019-06-30,48.8101806640625,49.013328841833136,47.954574045020244,48.55684533908188,291262800
2019-07-07,48.58790969848633,48.84841458211698,47.4192188711212,47.99280807411601,406402800
2019-07-14,48.41822814941406,49.352703951769605,48.36326005715543,48.776722366981396,349566400
2019-07-21,49.64905548095703,50.12465542771981,48.662000334421336,48.6715585746715,348612800
2019-07-28,48.75999069213867,52.90657129394955,48.18879009634884,49.82113407603411,879082000
2019-08-04,48.03582763671875,48.642876128467,46.02586955275323,47.318839333959296,692845600
2019-08-11,49.54020309448242,50.89326224807051,47.77690626584393,47.88966150036348,644382400
2019-08-18,48.61418533325195,51.44505553172668,48.22074260469428,50.528619760934646,567620000
2019-08-25,50.07759475708008,50.4878288131881,48.7773146730238,49.38666961755468,439958400
2019-09-01,51.161956787109375,51.4402464746383,48.99322492096436,49.52341103292623,329948400
2019-09-08,52.47903823852539,54.319102819999685,50.63657593313605,51.541012036483735,701467600
2019-09-15,52.23433303833008,53.680954866461946,52.17195927300286,52.23433303833008,569162000
2019-09-22,52.49583053588867,53.37627837198858,52.09278963980883,52.527015587738376,465780800
2019-09-29,54.460636138916016,54.7509217517267,51.61057751637129,52.9948217338199,634486800
2019-10-06,56.667762756347656,57.01082394508319,53.81770018868105,54.283114840777124,588705600
2019-10-13,56.71574401855469,57.12837947151304,55.945650045112934,56.353486389833066,422709600
2019-10-20,59.155574798583984,59.19155896233175,56.93406334746913,56.982043452681935,388122000
2019-10-27,61.37227249145508,61.39865842989971,56.919649039569656,59.35707572791659,654221600
2019-11-03,62.4086799621582,62.480648291172265,61.26433228177026,61.73454244768358,423960800
2019-11-10,63.94833755493164,63.953147398951465,62.14846454962075,62.15327439364057,461333600
2019-11-17,62.99068069458008,64.48736536353957,62.658617712933065,63.95798853145348,455825200
2019-11-24,64.30687713623047,64.48734545373158,63.16391112539008,63.21444019817349,301081200
2019-12-01,65.13943481445312,65.2092179525118,61.66963478323588,64.3116862205091,456599200
2019-12-08,66.20780181884766,66.24389400998982,63.74381032655819,64.96858763447449,568117600
2019-12-15,67.2400894165039,68.01249175897426,66.64815539146048,66.65296523634632,732720000
2019-12-22,69.73294067382812,70.73634754482153,67.46385458854968,67.50235536959678,386438000
2019-12-29,71.56888580322266,72.33166808675487,68.63086507355344,69.65110978445435,526723200
2020-01-05,74.67295837402344,75.23602586841082,70.44278513157725,70.69303653538574,670091600
2020-01-12,76.69424438476562,76.69664563617623,74.48530604202664,74.98821767538054,652055600
2020-01-19,76.5931396484375,77.80107129528129,75.95307796793752,76.32364153944229,463685200
2020-01-26,74.47566223144531,78.88871295513918,73.3615700570326,74.60800271740109,866734800
2020-02-02,77.00701141357422,78.25585239337708,72.7214922731758,73.22198769648455,652341200
2020-02-09,78.37647247314453,78.92398355103624,75.69920123097683,75.77879249894455,492263600
2020-02-16,75.50625610351562,78.30412566367559,74.89121045948235,76.06341717701494,476635200
2020-02-23,65.93321228027344,73.36686092776625,61.83530222470277,71.69779183704175,1398039200
2020-03-01,69.71273040771484,73.32342709563522,66.98481007403274,68.08466089161111,1293800800
2020-03-08,67.04508972167969,69.08801517871092,59.816462848359244,63.61529063005948,1616839600
2020-03-15,55.29166030883789,62.488929798944554,54.99257655004273,58.35725319499479,1620263600
2020-03-22,59.7537727355957,62.392448336410105,51.280573892359754,55.01186846192732,1384190000
2020-03-29,58.22700500488281,63.31140277227668,57.13921097310494,60.47735940226214,837010800
2020-04-05,64.63797760009766,65.53281817587698,60.149333023334115,60.51594752163008,735437600
2020-04-12,68.2100830078125,69.52460139919,64.11699516526903,64.71516264242454,829547200
2020-04-19,68.25109100341797,68.26074088442513,64.02051986783498,67.04029224195827,678844800
2020-04-26,69.72236633300781,72.11743524186343,67.10057312584011,67.96887080540914,790054000
2020-05-03,74.80195617675781,74.85501947734392,69.05909232641984,69.74650092378927,672706400
2020-05-10,74.41917419433594,77.31652088179885,72.60531107010586,74.51349861949731,834147600
2020-05-17,77.1230239868164,77.60672068752271,75.0503818529397,75.73965112757135,532904800
2020-05-24,76.89326477050781,78.4169064189191,75.72029880022248,78.23794100222896,525560400
2020-05-31,80.17276763916016,80.2332297565351,76.71675094343276,76.84735118353889,497736000
2020-06-07,81.938232421875,85.80055154509535,79.16181759974157,79.87043161837389,811826800
2020-06-14,84.5792007446289,86.23344248469422,80.43391670409387,80.59595833742378,779940400
2020-06-21,85.52484893798828,90.0595063353963,84.92506226253197,84.97101404794255,883003200
2020-06-28,88.05941772460938,89.59757739253234,84.95650598798836,85.43294763307092,495648000
2020-07-05,92.79239654541016,93.17693463315969,89.45247058051616,89.48391205484128,564072000
2020-07-12,93.18659973144531,96.6958221256113,90.81648853364916,94.09353116641225,718600800
2020-07-19,89.59514617919922,96.01380406406237,86.23828958165114,93.27366524593147,665196000
2020-07-26,102.79522705078125,102.94517185023635,90.20701572322453,90.65443665686146,847635600
2020-08-02,107.4895248413086,110.68191930805094,104.3745162536559,104.67198506346311,1003474000
2020-08-09,111.3612060546875,112.4611795587889,105.74020369972335,109.12491785675408,941551200
2020-08-16,120.53168487548828,121.01382862104187,110.44538086509841,112.48056900316996,835695200
2020-08-23,120.95568084716797,124.81042772312065,119.25483910433049,124.72561928433672,1063638000
2020-08-30,117.22691345214844,133.72163640629836,107.46769559812107,123.64260868115225,1167976600
2020-09-06,108.54342651367188,116.7810972758702,106.60515104021346,110.43324214272019,771441800
2020-09-13,103.54268646240234,115.16265484516875,102.81583306003789,111.17949760869672,944587000
2020-09-20,108.81478118896484,109.37688283682354,99.91809669143596,101.31365736365507,847212600
2020-09-27,109.53196716308594,114.08691993564595,108.75666124434974,111.46055699502502,640562200
2020-10-04,113.36005401611328,113.38912696820374,108.78572224086214,110.39449459992713,548575100
2020-10-11,115.3467788696289,121.5201893799016,114.50363370721699,116.354683079098,881222300
2020-10-18,111.48961639404297,116.70357523628091,110.75306957595657,116.25777272357817,519569600
2020-10-25,105.50033569335938,113.66047374572616,104.39551925367714,110.4913965674659,684467100
2020-11-01,115.02696228027344,115.92826068640422,104.0078633658274,105.74262083113005,609571800
2020-11-08,115.7787857055664,118.42909246939494,110.79852639518006,116.98258785526566,589577900
2020-11-15,113.91484069824219,117.45829864391602,113.40031258849169,115.44872226040998,389493400
2020-11-22,113.18671417236328,114.18665451577307,109.30347486444407,113.75949582176078,365024000
2020-11-29,118.6814956665039,120.16683344560312,113.40028809042597,113.55562121051807,543370600
2020-12-06,118.83683013916016,122.2734902833682,116.64279793637792,118.73974323465217,452278700
2020-12-13,122.9627685546875,125.79753129467584,117.99221988482616,119.02127586696244,621538100
2020-12-20,128.11773681640625,130.48651447593417,119.84643534670099,121.37060603581797,433310200
2020-12-27,128.81678771972656,134.73872012819425,127.87510078750749,130.07884374559205,441102200
2021-01-03,128.1954345703125,129.70989545884552,122.69093748181591,129.622526133749,610791200
2021-01-10,123.42876434326172,127.61295244719066,123.15693876899599,125.41892750822224,482792700
2021-01-17,135.01051330566406,135.76774369341513,123.23458679829896,124.05006339843386,429687100
2021-01-24,128.10804748535156,140.85476807232322,126.40913060377333,138.89374325179196,716991000
2021-01-31,132.76795959472656,133.4086976984337,127.10813597208113,129.84582706243864,439303000
2021-02-07,131.61488342285156,134.0552664812019,129.98149309892653,132.2565788367576,345543100
2021-02-14,126.26744842529297,132.23712645264789,123.87569624342483,131.73156174614053,363020300
2021-02-21,117.89631652832031,126.12163990223671,115.10592607567916,124.45906783187549,685989200
2021-02-28,118.0518569946289,125.14936094226839,114.30865590625393,120.31722552621271,663456700
2021-03-07,117.67269897460938,119.79222737469878,112.98640318953679,117.57547439837329,586977300
2021-03-14,116.66153717041016,123.6909839608395,116.36013878430732,118.04215273982872,626343500
2021-03-21,117.84769439697266,120.79364252718365,115.62121696029041,116.99210782676978,488825800
2021-03-28,119.5880355834961,120.73530321344647,115.56287790605764,118.27548545698504,359904000
2021-04-04,129.3106689453125,129.34955284443396,119.65612020779793,120.43393170991142,447820500
2021-04-11,130.43849182128906,131.25518720336294,127.00641292792422,128.8439849553505,444178800
2021-04-18,130.5940399169922,131.7704668360458,127.65780899827827,129.8064964354673,421147600
2021-04-25,127.81336975097656,133.2677516594968,127.43418875564703,131.08988283460656,501621500
2021-05-02,126.59805297851562,130.3509793019143,123.18540894693847,128.3772767330674,453802300
2021-05-09,124.12506866455078,126.16054096867869,119.06072975744091,126.0339425269844,514165600
2021-05-16,122.15778350830078,124.66073707262268,119.6548299439789,123.51152060552008,386352000
2021-05-23,121.35916137695312,124.97238103261843,121.30072904118603,122.72263951093048,357615000
2021-05-30,122.60577392578125,122.86873431142617,119.91777488225142,121.81690762956339,278314500
2021-06-06,124.02770233154297,125.10875276887583,121.57344715079995,122.87848577594787,327048100
2021-06-13,127.05657958984375,129.09205232004297,123.75501072230682,124.48544480009576,457142800
2021-06-20,129.63743591308594,131.12752018766128,125.83918479372112,126.90074538083606,354155800
2021-06-27,136.30874633789062,136.34769628382654,129.8711866546326,129.92961900389625,321267200
2021-07-04,141.32437133789062,141.85027728075062,136.41586138189865,136.41586138189865,418559700
2021-07-11,142.57093811035156,146.0867600636452,139.88294707503744,142.39564113141776,504249300
2021-07-18,144.68434143066406,144.84017089255983,137.97408940770086,139.99982783019934,441563700
2021-07-25,142.05474853515625,145.92117882948892,138.82135484529428,144.40187909018968,423324000
2021-08-01,142.32749938964844,144.1779262493147,141.3925373289351,142.54176121896361,284559400
2021-08-08,145.4278564453125,145.75947909182239,141.72144279218955,142.59927094659432,298082900
2021-08-15,144.54025268554688,147.94428846418253,140.94113077108418,144.88162365727896,429361600
2021-08-22,144.9401397705078,147.1444729215657,143.21372889495123,144.6572738397599,272129100
2021-08-29,150.49977111816406,151.1630163549952,144.9499069045763,145.33030105699004,386647700
2021-09-05,145.3010711669922,153.38689310813393,145.03771673531628,151.15329926565715,354897400
2021-09-12,142.4627227783203,147.69071328775337,142.17010842593353,146.9201765466862,492884800
2021-09-19,143.301513671875,143.8379707289355,137.79067316211652,140.2583607416136,394033300
2021-09-26,139.13670349121094,142.3651948450802,135.68389579904266,141.88725757253528,441421300
2021-10-03,139.3805389404297,140.66803607208246,134.8645803914569,138.2686163644493,382910100
2021-10-10,141.2727508544922,141.3312707409973,135.77165827827778,138.7660547903023,354098200
2021-10-17,145.02792358398438,146.48121692115393,139.63412287637166,139.9169739319274,340691300
2021-10-24,146.110595703125,149.39759159136113,142.804088225394,145.0181699361437,392740000
2021-10-31,147.55413818359375,148.67580899058325,144.15985093740764,145.32054492269938,324080300
2021-11-07,146.50946044921875,148.05279805371768,144.05769591147595,147.89650730535436,281799900
2021-11-14,156.82437133789062,157.28346597858675,145.87449764010555,146.88059485574968,462419300
2021-11-21,153.1711883544922,161.85489342549286,152.73163368073872,157.92817420357017,359933200
2021-11-28,158.08441162109375,166.34809929987975,154.13816856595875,155.67172811569492,669611100
2021-12-05,175.28582763671875,175.4616584549351,160.46785199162562,160.47761457414083,569227700
2021-12-12,167.16860961914062,177.9035865067827,165.75226057944147,176.9170145258113,769299200
2021-12-19,172.1893768310547,172.7461569911751,163.57405491184699,164.375018854044,359176900
2021-12-26,173.44943237304688,177.1221748748011,172.961035050248,172.98056021177348,340248100
2022-01-02,168.1747283935547,178.69481065284137,167.06118311991872,173.70338953489784,481949000
2022-01-09,169.05384826660156,173.06845975673335,164.26754579254697,165.15643245404746,422655700
2022-01-16,158.64122009277344,168.53613960047576,158.5337720868401,167.53004231978318,400041100
2022-01-23,166.37741088867188,166.39695095221313,151.1101079084313,156.30666186250346,688258600
2022-01-30,168.3896026611328,172.15026743466527,165.57642974161345,166.2113551071806,458553300
2022-02-06,164.93650817871094,172.77059575739761,164.34967876719554,169.063834248278,412902000
2022-02-13,163.6259307861328,169.5332798916778,162.54030687860808,163.69438575711112,362252300
2022-02-20,161.22976684570312,163.02935537813403,148.6619572531774,161.35690179261056,414293700
2022-02-27,159.586669921875,165.20062084586087,158.41302575299966,159.47908500251253,418671400
2022-03-06,151.33197021484375,161.3959998770216,151.10702542359093,159.77245155615677,521334100
2022-03-13,160.37884521484375,160.86786475806085,146.8036728432479,148.1240166557188,503123700
2022-03-20,170.8830108642578,171.43071043053845,159.4301652225123,159.91918482436202,446083700
2022-03-27,170.4820098876953,175.66562061186426,168.1640617684755,168.3890066049486,465395100
2022-04-03,166.3546905517578,174.57022911218846,165.48423622614246,170.7363170867986,393099200
2022-04-10,161.66006469726562,167.50874884154206,161.41555493977322,165.00497131261025,297460200
2022-04-17,158.23692321777344,167.76302844874877,157.95329847424364,160.3201510630148,376787700
2022-04-24,154.18788146972656,162.55012002443183,151.9677431219418,157.58167885400613,541697200
2022-05-01,153.8260040283203,162.82396167458603,149.90407221277096,153.26852944519842,566928200
2022-05-08,144.09075927734375,153.52312084115263,135.95131360510717,151.75025618153504,686227300
2022-05-15,134.76611328125,146.6961399748025,129.88832647827988,142.56274962889643,548244700
2022-05-22,146.56878662109375,146.60795908464218,134.3253367398021,134.96199015538227,495921700
2022-05-29,142.396240234375,148.62570882967742,141.49512401563555,146.0105094355314,338923400
2022-06-05,134.31558227539062,146.79410007297398,134.24701176433422,144.01239112379295,354267700
2022-06-12,128.85987854003906,134.52124943152185,126.39159448336697,130.14298989167128,541168600
2022-06-19,138.7526092529297,138.99747831559026,130.58378090952252,130.68171956721386,315960300
2022-06-26,136.07861328125,140.5450370446362,131.02452774545222,139.77124252264133,373549800
2022-07-03,144.02218627929688,144.52172874952925,134.1196804463809,134.9424518839336,278219600
2022-07-10,147.0879364013672,147.76377735798872,139.2031501501503,142.68029358404823,366316600
2022-07-17,150.92747497558594,153.07253011561605,143.68914689162003,147.64623887069817,360988700
2022-07-24,159.17465209960938,160.2716754702952,147.70499559258727,150.84910543429478,370548900
2022-07-31,161.95639038085938,163.75862294329548,156.35378550342605,157.705452452443,322415000
2022-08-07,168.80198669433594,168.87063747457046,160.12157670276466,163.18178213902186,318771500
2022-08-14,168.23313903808594,172.77440343151443,168.0271567164156,168.23313903808594,322647200
2022-08-21,160.4844970703125,167.77212157949262,160.42564926256463,166.4381830604793,307194600
2022-08-28,152.82415771484375,159.7782860475394,151.70600452025852,158.0618218912493,390399000
2022-09-04,154.35423278808594,154.79562117924561,149.75410728081604,153.47148593852063,314117000
2022-09-11,147.81207275390625,161.1122146667295,145.5267216779744,156.53170953675374,568337900
2022-09-18,147.5472869873047,155.6980541596278,145.71312678219724,146.44875445372804,473543200
2022-09-25,135.55160522460938,151.75502886352695,135.35544091221504,146.7919984246995,577537000
2022-10-02,137.40542602539062,144.71265731471146,135.05142365244905,135.56146298759316,435940600
2022-10-09,135.7281951904297,141.75053227831364,131.79503021731674,137.72909558902327,424188400
2022-10-16,144.44784545898438,145.01673262152644,137.58198758651355,138.36666005092954,397216400
2022-10-23,152.75552368164062,154.48179100593666,141.3680082031192,144.36936631947066,512851100
2022-10-30,135.7281951904297,152.47107084589584,131.80484816336835,150.2249612581109,510660400
2022-11-06,147.07481384277344,147.37937519314977,132.2297866401343,134.70559937768118,461034600
2022-11-13,148.636962890625,150.8966329509302,143.58709883853214,146.35765434519047,382679700
2022-11-20,145.51271057128906,149.1674770200253,144.35339551931847,147.52676431182928,204025500
2022-11-27,145.2179412841797,146.51480042273084,137.88877127540152,142.5947652897882,401088500
2022-12-04,139.6670379638672,148.27341425700192,137.54491285338275,145.17865971428313,341500000
2022-12-11,132.15121459960938,147.3401131825458,131.3848939522239,140.19759638836632,505728900
2022-12-18,129.5476837158203,134.41087676964176,127.36661277196195,132.7406912247507,384620400
2022-12-25,127.65152740478516,129.1055847712939,123.66273386268462,129.07611205357367,307184100
2023-01-01,127.34693908691406,128.6044914146323,121.99251495841295,127.99536872217054,369948500
2023-01-08,132.39682006835938,132.55401787873402,125.87326084989483,128.18205684224642,333335200
2023-01-15,135.45230102539062,136.17932975078736,131.42420779430574,132.46561719067788,271823400
2023-01-22,143.37091064453125,144.64811636457318,135.48172887762684,135.69787207599725,338655600
2023-01-29,151.7906494140625,154.62014981197694,138.8417843815096,142.41795183278163,480249700
2023-02-05,148.36183166503906,152.50782950297605,146.60322831255192,149.89448756482705,330758800
2023-02-12,150.1037139892578,153.82309677717436,148.43097816102596,148.52936555439288,316792400
2023-02-19,144.35731506347656,148.87370465632395,143.3831856356865,147.7913386254461,213742300
2023-02-26,148.6080322265625,148.68675112203792,141.59236643854297,145.3412806418506,273994900
2023-03-05,146.11862182617188,153.79354233905258,145.242894659562,151.32378363384478,313350800
2023-03-12,152.51438903808594,154.22649145558808,145.331450293473,145.43968691206388,410426600
2023-03-19,157.68019104003906,159.5398819281846,151.6780061554977,152.5832660184903,350100100
2023-03-26,162.255615234375,162.3540176143248,153.47866044746172,157.3751634764074,267939700
2023-04-02,162.01951599121094,164.16455030640049,159.20537834807934,161.63577063142478,200156300
2023-04-09,162.56065368652344,163.6528540223282,157.2177228500424,158.83142275920397,263326300
2023-04-16,162.3737030029297,165.4633485920932,161.399573480712,162.44257265842842,249953100
2023-04-23,166.958984375,167.12627144742981,160.18932307301998,162.3540406116897,256340700
2023-04-30,170.78662109375,171.50491053581004,161.6751057833191,166.5654075606888,360723200
2023-05-07,169.80262756347656,171.7902234817315,168.25779730542723,169.71405941734048,250062000
2023-05-14,172.58950805664062,173.80145343851697,167.9190627543611,170.61885831413923,258634800
2023-05-21,172.85552978515625,173.19055165787438,168.0175962382772,171.4268117714784,250355000
2023-05-28,178.29449462890625,179.11231590276506,173.9787828319147,174.3630588488015,286488400
2023-06-04,178.3043975830078,182.2358342469511,174.71781560746655,179.94988833472596,347854400
2023-06-11,182.2062530517578,184.245882524342,178.3142232516734,178.60982368703003,333356300
2023-06-18,183.94044494628906,184.80753566864925,179.91046971735875,181.70376825044644,203677100
2023-06-25,191.1234588623047,191.62596911406445,182.51171441823254,184.08824016334896,281596800
2023-07-02,187.88172912597656,191.03478057224729,186.42345260473766,190.9362420764775,170287800
2023-07-09,187.89158630371094,188.88675892743436,183.86161152756205,186.4825640381841,250269000
2023-07-16,189.12322998046875,195.3209158807388,188.42364281090323,189.08380857197548,310848600
2023-07-23,192.95614624023438,194.30603632708886,189.42868185584834,190.5716621661804,225884500
2023-07-30,179.31930541992188,193.84298656143292,179.250325451933,193.18282060362483,301580500
2023-08-06,175.18087768554688,180.44252318688743,173.95908463879354,179.45719845377033,332501200
2023-08-13,172.1614990234375,177.292103879552,169.6652621694116,175.5950554575437,261498200
2023-08-20,176.22653198242188,179.1273014382104,171.42152471888377,172.7337782848437,247469000
2023-08-27,186.9317169189453,187.3855699191495,176.1673041464379,177.68674666105377,264199500
2023-09-03,175.80226135253906,187.44479870655397,171.22418065377678,185.7674874478359,305075900
2023-09-10,172.67453002929688,177.89394473712187,171.26362024707745,177.66701824487515,403746500
2023-09-17,172.4574737548828,177.3019549049475,171.5398915497435,174.12492362546774,297395200
2023-09-24,168.92526245117188,174.6083916237015,165.38315844211488,171.87535219629032,285838900
2023-10-01,175.12147521972656,175.61480292776608,168.5404854010995,168.93514154546435,260574000
2023-10-08,176.46331787109375,179.90673545610116,173.454015999901,174.4505324976678,241810100
2023-10-15,170.57298278808594,176.6902429851548,170.33618008275127,174.3913341987159,288377700
2023-10-22,165.97518920898438,171.68791792263968,163.4592146760648,168.62929490952627,286078100
2023-10-29,174.2926483154297,175.40757359388834,165.6594146587465,166.76447880431394,310075900
2023-11-05,183.91258239746094,184.0803270839454,173.85857532279923,174.02630495411526,303608500
2023-11-12,187.4052276611328,188.65993500863613,181.9912372890323,183.58184579256005,262862000
2023-11-19,187.68185424804688,190.60619325566748,186.970525284031,187.60281602148953,148305600
2023-11-26,188.9365692138672,189.77632213926424,185.92330265802855,187.63246103560223,216481400
2023-12-03,193.3527374267578,193.629363703371,185.19221704166407,187.6917427321343,251991700
2023-12-10,195.19032287597656,197.21561904628413,189.11438914005225,190.78403589801357,379414800
2023-12-17,191.26815795898438,195.2990024402463,190.64574127695036,193.72815708321022,232340900
2023-12-24,190.2110137939453,192.31536319775046,188.78835589137282,191.27800722087468,153729000
2023-12-31,178.99771118164062,186.17027539257265,177.99988188294327,184.89580477616755,275266500
2024-01-07,183.68063354492188,184.79702777269745,179.3138732612781,179.89676322578026,238385400
2024-01-14,189.25270080566406,189.63800274105876,178.12833038055052,179.96592770512527,259829200
2024-01-21,190.102294921875,194.014603264957,189.62808075377302,189.98374514859867,255536900
2024-01-28,183.61146545410156,189.88497143381602,177.09095561888776,189.6972575486358,325909900
2024-02-04,186.5753631591797,188.74886178931678,183.60160807851355,185.88378239390755,252715800
2024-02-11,180.34393310546875,186.63534630268163,179.39429437432463,186.38804234853683,268128900
2024-02-18,180.55169677734375,183.04451006700117,178.05886839344902,179.82955827656392,192448900
2024-02-25,177.72250366210938,181.93655728511612,175.46709298002304,180.2746820853617,354385900
2024-03-03,168.8888397216797,174.99230049550303,166.67300559095543,174.25038851189706,393262300
2024-03-10,170.75845336914062,172.4994831107339,168.45357838204507,171.07500972006218,367119800
2024-03-17,170.422119140625,176.7432083268762,168.22605856941686,173.67664800171835,361583900
2024-03-24,169.63072204589844,171.72786981696026,167.62261516892164,168.73054713480337,237622700
2024-03-31,167.75120544433594,170.06596663184644,166.4157581700307,169.34384337473094,239070900
2024-04-07,174.6460723876953,176.43655077441642,165.30787175770988,167.20716449858602,322249800
2024-04-14,163.22061157226562,174.7251964786965,162.31053482208006,173.4688881511179,309416500
2024-04-21,167.4742431640625,169.49223681731962,162.99309665832416,163.7350085313833,241302700
2024-04-28,181.4024200439453,184.98337684032407,167.28630465439625,171.50035903512213,441926300
2024-05-05,181.0759735107422,183.0939673052434,178.47433086363102,180.3835253996014,300675100
2024-05-12,188.07717895507812,189.29557576521952,182.87675121553593,183.6890157556302,288966500
2024-05-19,188.18612670898438,190.99932175165736,184.8677678514351,187.54227032139238,208652100
2024-05-26,190.43472290039062,191.17764119519057,187.31447210811532,189.70170474155856,230395500
2024-06-02,195.03091430664062,195.08044521695948,190.70218178664123,191.07858345269875,245994400
2024-06-09,210.4835968017578,218.12078768520325,190.33564306660514,195.04079182166276,635503200
2024-06-16,205.5308074951172,216.88258943782358,205.1543907600995,211.35527606465638,501649200
2024-06-23,208.63124084472656,214.0297919592074,204.63929484995225,205.75862979595584,334805300
2024-06-30,224.2028045654297,224.3117665065084,209.91896572291452,210.0873587019072,216231300
2024-07-07,228.36314392089844,230.8791687053027,221.1419856209703,224.94572320188135,287546800
2024-07-14,222.1919708251953,234.9899730875153,220.17123998996976,234.24705489424412,278397600
2024-07-21,215.90194702148438,225.62921505852884,212.5934730602767,224.86648145365507,242932200
2024-07-28,217.78399658203125,223.46980270062375,213.7128042032807,214.91138556098804,296061500
2024-08-04,214.19818115234375,214.7330756065884,194.1492898601807,197.21010922075223,342088200
2024-08-11,223.91554260253906,224.68817630100264,213.5642189782489,214.02978224715758,214898200
2024-08-18,224.95819091796875,226.44574730936597,221.18971169998787,223.84748698803145,188124900
2024-08-25,227.10025024414062,230.987728694464,222.03264143471463,224.87882750158252,209486100
2024-09-01,218.9881134033203,227.10024592893973,215.675810106327,226.65398209656823,179069200
2024-09-08,220.65415954589844,222.18137718301287,214.91219953543538,218.9881039417736,237580300
2024-09-15,226.306884765625,231.1563174701668,212.1453506665138,214.74361070595776,550232800
2024-09-22,225.90029907226562,227.6159582791164,222.16158503394587,225.45403519682915,210673500
2024-09-29,224.9185028076172,231.0670654718434,221.16986235517393,228.13161454845178,221996800
2024-10-06,225.6622772216797,227.84402327557078,219.49387633852862,222.63757660659692,164894900
2024-10-13,233.0504913330078,235.51984028451324,226.70359038788467,226.80275173040522,218141000
2024-10-20,229.49024963378906,234.88512236413834,225.8705205859801,232.50502344252348,197299900
2024-10-27,221.060791015625,232.78272701156635,218.44269248362247,231.38443556371678,248222000
2024-11-03,225.0771942138672,226.76308834483132,217.8873386896391,219.1567188681678,208083400
2024-11-10,223.3789520263672,227.22106515358718,219.90416832817925,223.3789520263672,223817700
2024-11-17,228.21383666992188,229.05771868234922,223.54770207785188,223.62712751480942,196291700
2024-11-24,235.6201171875,236.09665470361549,228.08480427809573,229.79241345543525,198118800
2024-12-01,241.09039306640625,242.86750503393802,235.45132336014163,235.56053144277683,208286500
2024-12-08,246.34228515625,248.99304660129016,240.00824674407838,240.08767218030485,192702600
2024-12-15,252.656494140625,253.1628143156686,243.91989202858784,246.2033243639511,368202900
2024-12-22,253.74856567382812,258.2260824999929,251.23679459279407,252.9344813456151,133685900
2024-12-29,241.60665893554688,251.6736024266591,240.0777608762415,250.41274818465718,171023000
2025-01-05,235.14356994628906,245.54806031948488,231.32130202918376,242.5498143090155,185241400
2025-01-12,228.3230743408203,237.23838764677348,226.38712640426436,231.84750092467374,269145400
2025-01-19,221.17491149902344,225.39429106191713,217.79941390824945,222.38612284427995,277129600
2025-01-26,234.2996826171875,245.40906406001392,222.36627928627718,222.40599958024822,372675200
2025-02-02,225.989990234375,232.31409120281862,224.0738875021787,228.33298765758835,227383400
2025-02-09,242.83773803710938,243.7808905485433,225.56309061415143,227.91602579185155,226587600
2025-02-16,244.0489044189453,247.1697083342209,240.3615777536902,242.65745381306218,166541000
2025-02-23,240.36158752441406,248.47170770358125,228.7927454203557,243.43269419190804,241760300
2025-03-02,237.60853576660156,242.53820603451464,227.82867766736862,240.31189403788665,239653700
2025-03-09,212.18490600585938,234.71631875054027,207.14589246958957,234.100098599881,332232000
2025-03-16,216.93568420410156,217.5021918152461,208.68642042215922,212.00599881871727,287881900
2025-03-23,216.5679473876953,223.6444323610582,216.34929105853038,219.64900281464793,190172600
2025-03-30,187.22840881347656,224.24074523500292,186.19475800144227,215.6833788883888,366947800
2025-04-06,196.9386749267578,199.38364327125862,168.17560198354383,176.11674827627388,675037600
2025-04-13,195.77581787109375,211.638257892452,191.1939991105421,210.1474276905221,264593900
2025-04-20,208.0006103515625,208.46773832051537,188.64963481126378,192.0884895155007,238181400
2025-04-27,204.09466552734375,213.2483546905489,200.92416412992952,208.71623319619866,286233500
2025-05-04,197.31634521484375,202.8523019709638,192.06862412344393,201.8584151708425,275704500
2025-05-11,209.96852111816406,212.6321456435754,205.48609708392152,209.68030061732745,264778300
2025-05-18,194.33079528808594,208.47243957590595,192.5295034494263,206.9099988528278,273024200
2025-05-25,199.88392639160156,202.82968041772628,195.83349562393636,197.34618874257592,223844900
2025-06-01,202.93917846679688,205.24802695954665,199.15745276838769,199.31668684072844,227142700
2025-06-08,195.50511169433594,205.00918113856744,194.7587190445596,203.40692430963168,283877000
2025-06-15,200.03321838378906,200.72984844555882,194.13174813538697,196.3510178983807,224085100
2025-06-22,200.1128387451172,202.6903776092267,198.00304046998778,200.66019636896587,273391700
2025-06-29,212.52284240722656,213.61754237258577,198.30156780834824,201.03834049983925,273599300
2025-07-06,210.14434814453125,215.1899541267727,206.22329666518922,211.6570261845262,226036700
2025-07-13,210.16424560546875,211.37837878607013,206.5417541182931,208.92025793562277,225669600
2025-07-20,212.85128784179688,214.74214317434578,210.61210986016906,211.07985047560757,231062200
2025-07-27,201.40660095214844,213.8166241715137,200.530828701964,213.00056090467862,319915100
2025-08-03,228.2468719482422,229.88892965735022,200.70994653479474,203.5263365428878,431826300
2025-08-10,230.47607421875,233.9890940966134,223.67892393669868,226.8237283327281,295265800
2025-08-17,226.9217529296875,232.26202674221022,222.9564050682187,230.8472546952064,192241700
2025-08-24,231.28561401367188,232.55094406764107,223.86303659011472,225.64644185138843,194310800
2025-08-31,238.80784606933594,240.43185187342493,226.1346596094292,228.40626706897564,212923200
2025-09-07,233.20852661132812,239.26613615534262,225.11840144963998,238.41927365126608,304787000
2025-09-14,244.59646606445312,245.3935247988757,234.16499845437372,236.12774931680403,360619500
2025-09-21,254.51980590820312,256.6519291955366,247.20680865676502,247.38615408604815,309374700
2025-09-28,257.07037353515625,258.2858846694617,252.07881778707366,253.62311621534352,218331700
2025-10-05,244.3673095703125,258.11652292325897,243.10197943699816,257.0404807414278,213437900
2025-10-12,251.36148071289062,252.4474806979352,243.79941813067063,248.46220205190008,196438500
2025-10-19,261.85272216796875,264.31363277361163,254.4899057969633,254.94821949791788,253202800
2025-10-26,269.37493896484375,276.29937269597025,263.6759893493811,263.90515381482606,293563300
2025-11-02,267.4819030761719,272.39375101848816,265.27007252286944,269.4247383046401,242583900
2025-11-09,271.4074401855469,275.6816600082359,266.47564574357784,267.9701252223245,232952800
2025-11-16,270.7530212402344,274.6823284083687,264.5997869626713,268.0902860912865,235974500
2025-11-23,278.093017578125,279.6188629003861,270.1645871099703,270.1645871099703,166067000
2025-11-30,278.02325439453125,287.83654020079325,275.3904364634554,277.25535550520465,235050800
2025-12-07,277.52459716796875,279.26984672659455,273.0667299351181,277.37501043560536,176224300
2025-12-14,272.9271240234375,279.389514297449,266.22536454446265,279.389514297449,334459100
2025-12-21,272.6578063964844,274.6822944232112,268.8282343356444,272.11926379011726,105646200
2025-12-28,271.12200927734375,273.6152229156688,271.0123224859311,271.9497732487203,73148400
